date,修炼瓶,保卫门派
2025-11-15,true,true
2025-11-14,true,true
2025-11-13,true,false
2025-11-12,true,true
2025-11-10,true,false
2025-11-11,true,false
2025-11-16,true,true
2025-11-17,true,true
2025-11-18,true,false
2025-11-19,true,true
2025-11-20,true,true
2025-11-21,true,true
2025-11-22,true,true
2025-11-23,true,true
2025-11-24,true,false
2025-11-25,true,false
2025-11-26,true,true
2025-11-27,true,true
2025-11-28,true,false
2025-11-29,true,true
2025-11-30,true,true
2025-12-01,true,false
2025-12-02,true,true
2025-12-03,true,true
2025-12-04,true,false
2025-12-05,true,false
2025-12-06,true,true
2025-12-07,true,true
2025-12-08,true,false
2025-12-09,true,true
2025-12-10,true,false
2025-12-11,true,true
2025-12-12,true,false
2025-12-13,true,true
2025-12-14,true,false
2025-12-15,true,false
2025-12-16,true,false
2025-12-17,true,true
2025-12-18,true,false
2025-12-19,true,true
2025-12-20,true,false
2025-12-21,true,true
2025-12-22,true,true
2025-12-23,true,true
2025-12-24,true,false
2025-12-25,true,true
2025-12-26,true,true
